{"cameraMode":{"drawMode":0,"name":"Shaded","section":"Shading Mode"},"sceneLighting":true,"audioPlay":false,"sceneViewState":{"m_AlwaysRefresh":false,"showFog":true,"showSkybox":true,"showFlares":true,"showImageEffects":true,"showParticleSystems":true,"showVisualEffectGraphs":true,"m_FxEnabled":true},"in2DMode":false,"pivot":{"x":394.5105285644531,"y":209.41090393066407,"z":79.93991088867188},"rotation":{"x":-0.006900718901306391,"y":-0.002092791022732854,"z":0.000025167755666188896,"w":-0.9999792575836182},"size":209.3651885986328,"orthographic":true}