{"cameraMode":{"drawMode":0,"name":"Shaded","section":"Shading Mode"},"sceneLighting":false,"audioPlay":false,"sceneViewState":{"m_AlwaysRefresh":false,"showFog":true,"showSkybox":false,"showFlares":true,"showImageEffects":true,"showParticleSystems":true,"showVisualEffectGraphs":true,"m_FxEnabled":true},"in2DMode":false,"pivot":{"x":47.599578857421878,"y":0.9706568717956543,"z":34.07009506225586},"rotation":{"x":0.19113554060459138,"y":-2.992313170580019e-7,"z":0.0000025123499654000627,"w":0.9816105961799622},"size":2.3140335083007814,"orthographic":false}